<package>
	<id>com.pdhlnpt.apptodeb</id>
	<name>Full Package</name>
	<version>1.2</version>
	<compatibility>
		<firmware>
			<miniOS>7.0</miniOS>
		</firmware>
	</compatibility>
	<dependencies>
		<package>mobilesubstrate</package>
	</dependencies>
	<descriptionlist>
		<description>App to Deb for IOS.</description>
	</descriptionlist>
	<screenshots>
		<screenshot>
			<description>As close as I could replicate it.</description>
			<image>alm.PNG</image>
		</screenshot>			
	</screenshots>
	<changelog>
		<change>Updated version from MMI.</change>
	</changelog>
	<links>
		<link>
			<name>Reddit</name>
			<url>https://www.reddit.com/u/_Decimation</url>
		</link>
		
		<link>
			<name>Twitter</name>
			<url>https://twitter.com/dec1mati0n</url>
		</link>
		
		<link>
			<name>/r/iosthemes Release thread</name>
			<url>https://www.reddit.com/r/iOSthemes/comments/30iwsg/release_android_lollipop_messages/</url>
		</link>
		
		<link>
			<name>Replication tutorial</name>
			<url>https://www.reddit.com/r/iOSthemes/comments/3a79jg/tutorial_how_to_exactly_replicate_android/</url>
		</link>
	</links>
</package>